{
  "model": "PySAM Single Owner",
  "status": "ok",
  "runtime": {
    "country": "Vietnam",
    "currency": "USD",
    "python": ".venv/Scripts/python.exe",
    "system_config": "CustomGenerationProfileSingleOwner"
  },
  "inputs": {
    "system_capacity_kw": 100000.0,
    "annual_generation_kwh": 128918184.84,
    "installed_cost_usd": 113865571.6163,
    "fixed_om_usd_per_year": 988655.64,
    "ppa_price_input_usd_per_kwh": 0.0661706985333653,
    "analysis_years": 20,
    "debt_fraction": 0.7,
    "target_irr_fraction": 0.15,
    "owner_tax_rate_fraction": 0.0575,
    "owner_discount_rate_fraction": 0.08,
    "debt_interest_rate_fraction": 0.085,
    "debt_tenor_years": 10
  },
  "case": {
    "source_case": "ninhsim_60pct_solar_storage",
    "requested_target_fraction": 0.6,
    "enforced_target_fraction": 0.6,
    "achieved_delivered_fraction_of_load": 0.6003008864014171,
    "year_one_strike_vnd_per_kwh": 1917.9345481618013,
    "year_one_realized_price_vnd_per_kwh": 1746.9064412808439,
    "year_one_customer_price_vnd_per_kwh": 1917.9345481618013,
    "year_one_merchant_price_vnd_per_kwh": 712.5038207921514,
    "year_one_customer_served_kwh": 110627102.163,
    "year_one_merchant_sold_kwh": 18291082.677,
    "developer_revenue_npv_usd": 273524928.17986023,
    "reopt_npv_usd": -23280566.09
  },
  "outputs": {
    "project_return_aftertax_npv_usd": -158588453.7463963,
    "project_return_aftertax_irr_fraction": null,
    "project_return_pretax_npv_usd": -168161023.27073452,
    "project_return_pretax_irr_fraction": null,
    "size_of_debt_usd": 93476484.91147594,
    "debt_fraction": 0.6997455977648069,
    "min_dscr": -0.4888566876583532,
    "npv_ppa_revenue_usd": 88925924.16494906
  },
  "annual_cashflows": [
    {
      "year": 1,
      "total_revenue_usd": 8445300.281071136,
      "aftertax_cashflow_usd": -20142543.714416448,
      "debt_service_usd": 14246536.547006534,
      "debt_balance_usd": 87175449.58194481,
      "dscr": -0.4124218891225832
    },
    {
      "year": 2,
      "total_revenue_usd": 8867565.295124691,
      "aftertax_cashflow_usd": -20267270.642463252,
      "debt_service_usd": 14246536.547006534,
      "debt_balance_usd": 80338826.24940358,
      "dscr": -0.42074055268399435
    },
    {
      "year": 3,
      "total_revenue_usd": 9310943.559880927,
      "aftertax_cashflow_usd": -20393080.27624983,
      "debt_service_usd": 14246536.547006534,
      "debt_balance_usd": 72921089.93359636,
      "dscr": -0.42911396055202117
    },
    {
      "year": 4,
      "total_revenue_usd": 9776490.737874974,
      "aftertax_cashflow_usd": -20519922.654601723,
      "debt_service_usd": 14246536.547006534,
      "debt_balance_usd": 64872846.03094552,
      "dscr": -0.43753741304723326
    },
    {
      "year": 5,
      "total_revenue_usd": 10265315.274768723,
      "aftertax_cashflow_usd": -20647747.3959817,
      "debt_service_usd": 14246536.547006533,
      "debt_balance_usd": 56140501.39656936,
      "dscr": -0.44600610556859227
    },
    {
      "year": 6,
      "total_revenue_usd": 10778581.038507162,
      "aftertax_cashflow_usd": -20776504.179271422,
      "debt_service_usd": 14246536.547006533,
      "debt_balance_usd": 46665907.46827122,
      "dscr": -0.45451515717608065
    },
    {
      "year": 7,
      "total_revenue_usd": 11317510.09043252,
      "aftertax_cashflow_usd": -20906143.298336186,
      "debt_service_usd": 14246536.547006533,
      "debt_balance_usd": 36385973.056067735,
      "dscr": -0.46305964398220506
    },
    {
      "year": 8,
      "total_revenue_usd": 11883385.594954144,
      "aftertax_cashflow_usd": -21036616.298216503,
      "debt_service_usd": 14246536.547006534,
      "debt_balance_usd": 25232244.218826957,
      "dscr": -0.4716346378757931
    },
    {
      "year": 9,
      "total_revenue_usd": 12477554.874701852,
      "aftertax_cashflow_usd": -21167876.701509014,
      "debt_service_usd": 14246536.547006534,
      "debt_balance_usd": 13130448.430420713,
      "dscr": -0.48023525114991794
    },
    {
      "year": 10,
      "total_revenue_usd": 13101432.618436946,
      "aftertax_cashflow_usd": -14176612.560775299,
      "debt_service_usd": 14246536.547006534,
      "debt_balance_usd": -5.960464477539063e-08,
      "dscr": -0.4888566876583532
    },
    {
      "year": 11,
      "total_revenue_usd": 13756504.249358794,
      "aftertax_cashflow_usd": -7310709.409468669,
      "debt_service_usd": 0.0,
      "debt_balance_usd": -5.960464477539063e-08,
      "dscr": 0.0
    },
    {
      "year": 12,
      "total_revenue_usd": 14444329.461826734,
      "aftertax_cashflow_usd": -7444085.99223565,
      "debt_service_usd": 0.0,
      "debt_balance_usd": -5.960464477539063e-08,
      "dscr": 0.0
    },
    {
      "year": 13,
      "total_revenue_usd": 15166545.934918072,
      "aftertax_cashflow_usd": -7578102.076000653,
      "debt_service_usd": 0.0,
      "debt_balance_usd": -5.960464477539063e-08,
      "dscr": 0.0
    },
    {
      "year": 14,
      "total_revenue_usd": 15924873.231663976,
      "aftertax_cashflow_usd": -7712735.826798374,
      "debt_service_usd": 0.0,
      "debt_balance_usd": -5.960464477539063e-08,
      "dscr": 0.0
    },
    {
      "year": 15,
      "total_revenue_usd": 16721116.893247178,
      "aftertax_cashflow_usd": -7847974.226959933,
      "debt_service_usd": 0.0,
      "debt_balance_usd": -5.960464477539063e-08,
      "dscr": 0.0
    },
    {
      "year": 16,
      "total_revenue_usd": 17557172.737909537,
      "aftertax_cashflow_usd": -7983814.747055794,
      "debt_service_usd": 0.0,
      "debt_balance_usd": -5.960464477539063e-08,
      "dscr": 0.0
    },
    {
      "year": 17,
      "total_revenue_usd": 18435031.37480501,
      "aftertax_cashflow_usd": -8120267.210851399,
      "debt_service_usd": 0.0,
      "debt_balance_usd": -5.960464477539063e-08,
      "dscr": 0.0
    },
    {
      "year": 18,
      "total_revenue_usd": 19356782.943545263,
      "aftertax_cashflow_usd": -8257355.871730212,
      "debt_service_usd": 0.0,
      "debt_balance_usd": -5.960464477539063e-08,
      "dscr": 0.0
    },
    {
      "year": 19,
      "total_revenue_usd": 20324622.090722524,
      "aftertax_cashflow_usd": -8395121.72064277,
      "debt_service_usd": 0.0,
      "debt_balance_usd": -5.960464477539063e-08,
      "dscr": 0.0
    },
    {
      "year": 20,
      "total_revenue_usd": 21340853.195258655,
      "aftertax_cashflow_usd": 6830365.482921992,
      "debt_service_usd": 0.0,
      "debt_balance_usd": -5.960464477539063e-08,
      "dscr": 0.0
    }
  ],
  "notes": {
    "phase_scope": "Phase 4 MVP uses CustomGenerationProfileSingleOwner with wrapper-driven Vietnam defaults and zeroed US-style incentives.",
    "irr_warning": "PySAM can return null-equivalent IRR when the configured cashflow never crosses into positive territory under the selected strike and cost assumptions."
  }
}