{
  "status": "optimal",
  "pricing": {
    "renewable_delivered_kwh": 138177842.921,
    "grid_supplied_kwh": 46108245.78,
    "total_load_kwh": 184286088.5,
    "grid_cost_usd": 3434765.205027951,
    "benchmark_customer_cost_usd": 14092849.11801249,
    "max_cppa_strike_usd_per_kwh": 0.0771330894134601,
    "max_cppa_strike_vnd_per_kwh": 2036.3135605153466,
    "customer_blended_price_at_max_strike_usd_per_kwh": 0.07647266938444185,
    "customer_blended_price_at_max_strike_vnd_per_kwh": 2018.8784717492647,
    "weighted_evn_benchmark_usd_per_kwh": 0.07647266938444185,
    "weighted_evn_benchmark_vnd_per_kwh": 2018.8784717492647
  },
  "optimal_mix": {
    "pv_size_mw": 14.2828948,
    "wind_size_mw": 40.0,
    "bess_mw": 0.33629000000000003,
    "bess_mwh": 1.2493599999999998
  },
  "year_one_energy": {
    "pv_gwh": 19.79264,
    "wind_gwh": 122.64,
    "renewable_delivered_gwh": 138.177842921,
    "grid_supplied_gwh": 46.108245780000004
  },
  "financial": {
    "npv_usd": 33373573.66,
    "year_one_operating_savings_before_tax_usd": 9582012.9337
  }
}