{
  "status": "optimal",
  "pricing": {
    "renewable_delivered_kwh": 138177842.921,
    "grid_supplied_kwh": 46108245.78,
    "total_load_kwh": 184286088.5,
    "grid_cost_usd": 3434765.205027951,
    "benchmark_customer_cost_usd": 14092849.11801249,
    "max_cppa_strike_usd_per_kwh": 0.0771330894134601,
    "max_cppa_strike_vnd_per_kwh": 2036.3135605153466,
    "customer_blended_price_at_max_strike_usd_per_kwh": 0.07647266938444185,
    "customer_blended_price_at_max_strike_vnd_per_kwh": 2018.8784717492647,
    "weighted_evn_benchmark_usd_per_kwh": 0.07647266938444185,
    "weighted_evn_benchmark_vnd_per_kwh": 2018.8784717492647
  },
  "multi_year_cppa_path": [
    {
      "year": 1,
      "escalation_multiplier": 1.0,
      "renewable_delivered_kwh": 138177842.921,
      "grid_supplied_kwh": 46108245.78,
      "cPPA_strike_usd_per_kwh": 0.0771330894134601,
      "cPPA_strike_vnd_per_kwh": 2036.3135605153466,
      "residual_grid_price_usd_per_kwh": 0.07449351296981724,
      "residual_grid_price_vnd_per_kwh": 1966.628742403175,
      "weighted_evn_benchmark_usd_per_kwh": 0.07647266938444185,
      "weighted_evn_benchmark_vnd_per_kwh": 2018.8784717492647,
      "customer_blended_price_usd_per_kwh": 0.07647266938444185,
      "customer_blended_price_vnd_per_kwh": 2018.8784717492647
    },
    {
      "year": 2,
      "escalation_multiplier": 1.05,
      "renewable_delivered_kwh": 138177842.921,
      "grid_supplied_kwh": 46108245.78,
      "cPPA_strike_usd_per_kwh": 0.0809897438841331,
      "cPPA_strike_vnd_per_kwh": 2138.129238541114,
      "residual_grid_price_usd_per_kwh": 0.07821818861830811,
      "residual_grid_price_vnd_per_kwh": 2064.960179523334,
      "weighted_evn_benchmark_usd_per_kwh": 0.08029630285366395,
      "weighted_evn_benchmark_vnd_per_kwh": 2119.8223953367283,
      "customer_blended_price_usd_per_kwh": 0.08029630285366392,
      "customer_blended_price_vnd_per_kwh": 2119.8223953367274
    },
    {
      "year": 3,
      "escalation_multiplier": 1.1025,
      "renewable_delivered_kwh": 138177842.921,
      "grid_supplied_kwh": 46108245.78,
      "cPPA_strike_usd_per_kwh": 0.08503923107833976,
      "cPPA_strike_vnd_per_kwh": 2245.0357004681696,
      "residual_grid_price_usd_per_kwh": 0.08212909804922351,
      "residual_grid_price_vnd_per_kwh": 2168.208188499501,
      "weighted_evn_benchmark_usd_per_kwh": 0.08431111799634713,
      "weighted_evn_benchmark_vnd_per_kwh": 2225.8135151035644,
      "customer_blended_price_usd_per_kwh": 0.08431111799634713,
      "customer_blended_price_vnd_per_kwh": 2225.8135151035644
    },
    {
      "year": 4,
      "escalation_multiplier": 1.1576250000000001,
      "renewable_delivered_kwh": 138177842.921,
      "grid_supplied_kwh": 46108245.78,
      "cPPA_strike_usd_per_kwh": 0.08929119263225677,
      "cPPA_strike_vnd_per_kwh": 2357.2874854915785,
      "residual_grid_price_usd_per_kwh": 0.0862355529516847,
      "residual_grid_price_vnd_per_kwh": 2276.618597924476,
      "weighted_evn_benchmark_usd_per_kwh": 0.0885266738961645,
      "weighted_evn_benchmark_vnd_per_kwh": 2337.104190858743,
      "customer_blended_price_usd_per_kwh": 0.0885266738961645,
      "customer_blended_price_vnd_per_kwh": 2337.104190858743
    },
    {
      "year": 5,
      "escalation_multiplier": 1.2155062500000002,
      "renewable_delivered_kwh": 138177842.921,
      "grid_supplied_kwh": 46108245.78,
      "cPPA_strike_usd_per_kwh": 0.0937557522638696,
      "cPPA_strike_vnd_per_kwh": 2475.1518597661575,
      "residual_grid_price_usd_per_kwh": 0.09054733059926894,
      "residual_grid_price_vnd_per_kwh": 2390.4495278207,
      "weighted_evn_benchmark_usd_per_kwh": 0.09295300759097273,
      "weighted_evn_benchmark_vnd_per_kwh": 2453.9594004016803,
      "customer_blended_price_usd_per_kwh": 0.09295300759097273,
      "customer_blended_price_vnd_per_kwh": 2453.9594004016803
    },
    {
      "year": 6,
      "escalation_multiplier": 1.2762815625000004,
      "renewable_delivered_kwh": 138177842.921,
      "grid_supplied_kwh": 46108245.78,
      "cPPA_strike_usd_per_kwh": 0.0984435398770631,
      "cPPA_strike_vnd_per_kwh": 2598.9094527544657,
      "residual_grid_price_usd_per_kwh": 0.09507469712923239,
      "residual_grid_price_vnd_per_kwh": 2509.972004211735,
      "weighted_evn_benchmark_usd_per_kwh": 0.09760065797052138,
      "weighted_evn_benchmark_vnd_per_kwh": 2576.6573704217644,
      "customer_blended_price_usd_per_kwh": 0.09760065797052137,
      "customer_blended_price_vnd_per_kwh": 2576.657370421764
    },
    {
      "year": 7,
      "escalation_multiplier": 1.3400956406250004,
      "renewable_delivered_kwh": 138177842.921,
      "grid_supplied_kwh": 46108245.78,
      "cPPA_strike_usd_per_kwh": 0.10336571687091625,
      "cPPA_strike_vnd_per_kwh": 2728.854925392189,
      "residual_grid_price_usd_per_kwh": 0.09982843198569401,
      "residual_grid_price_vnd_per_kwh": 2635.4706044223217,
      "weighted_evn_benchmark_usd_per_kwh": 0.10248069086904746,
      "weighted_evn_benchmark_vnd_per_kwh": 2705.490238942853,
      "customer_blended_price_usd_per_kwh": 0.10248069086904743,
      "customer_blended_price_vnd_per_kwh": 2705.490238942852
    },
    {
      "year": 8,
      "escalation_multiplier": 1.4071004226562505,
      "renewable_delivered_kwh": 138177842.921,
      "grid_supplied_kwh": 46108245.78,
      "cPPA_strike_usd_per_kwh": 0.10853400271446206,
      "cPPA_strike_vnd_per_kwh": 2865.2976716617986,
      "residual_grid_price_usd_per_kwh": 0.10481985358497871,
      "residual_grid_price_vnd_per_kwh": 2767.244134643438,
      "weighted_evn_benchmark_usd_per_kwh": 0.10760472541249982,
      "weighted_evn_benchmark_vnd_per_kwh": 2840.7647508899954,
      "customer_blended_price_usd_per_kwh": 0.1076047254124998,
      "customer_blended_price_vnd_per_kwh": 2840.7647508899945
    },
    {
      "year": 9,
      "escalation_multiplier": 1.477455443789063,
      "renewable_delivered_kwh": 138177842.921,
      "grid_supplied_kwh": 46108245.78,
      "cPPA_strike_usd_per_kwh": 0.11396070285018517,
      "cPPA_strike_vnd_per_kwh": 3008.5625552448882,
      "residual_grid_price_usd_per_kwh": 0.11006084626422764,
      "residual_grid_price_vnd_per_kwh": 2905.6063413756096,
      "weighted_evn_benchmark_usd_per_kwh": 0.11298496168312482,
      "weighted_evn_benchmark_vnd_per_kwh": 2982.802988434495,
      "customer_blended_price_usd_per_kwh": 0.1129849616831248,
      "customer_blended_price_vnd_per_kwh": 2982.8029884344946
    },
    {
      "year": 10,
      "escalation_multiplier": 1.5513282159785162,
      "renewable_delivered_kwh": 138177842.921,
      "grid_supplied_kwh": 46108245.78,
      "cPPA_strike_usd_per_kwh": 0.11965873799269444,
      "cPPA_strike_vnd_per_kwh": 3158.990683007133,
      "residual_grid_price_usd_per_kwh": 0.11556388857743903,
      "residual_grid_price_vnd_per_kwh": 3050.8866584443904,
      "weighted_evn_benchmark_usd_per_kwh": 0.11863420976728106,
      "weighted_evn_benchmark_vnd_per_kwh": 3131.94313785622,
      "customer_blended_price_usd_per_kwh": 0.11863420976728105,
      "customer_blended_price_vnd_per_kwh": 3131.94313785622
    },
    {
      "year": 11,
      "escalation_multiplier": 1.628894626777442,
      "renewable_delivered_kwh": 138177842.921,
      "grid_supplied_kwh": 46108245.78,
      "cPPA_strike_usd_per_kwh": 0.12564167489232916,
      "cPPA_strike_vnd_per_kwh": 3316.9402171574898,
      "residual_grid_price_usd_per_kwh": 0.12134208300631098,
      "residual_grid_price_vnd_per_kwh": 3203.4309913666098,
      "weighted_evn_benchmark_usd_per_kwh": 0.12456592025564511,
      "weighted_evn_benchmark_vnd_per_kwh": 3288.540294749031,
      "customer_blended_price_usd_per_kwh": 0.1245659202556451,
      "customer_blended_price_vnd_per_kwh": 3288.5402947490306
    },
    {
      "year": 12,
      "escalation_multiplier": 1.7103393581163142,
      "renewable_delivered_kwh": 138177842.921,
      "grid_supplied_kwh": 46108245.78,