{
  "tariff_branch": "legacy_tou_one_component",
  "annual_load_kwh": 184262275.62,
  "annual_generation_kwh": 6843120.0,
  "matched_quantity_kwh": 6843120.0,
  "shortfall_quantity_kwh": 177419155.62,
  "excess_quantity_kwh": 0.0,
  "market_reference_price_vnd_per_kwh": 1.464808,
  "strike_price_vnd_per_kwh": 1809.613356,
  "dppa_adder_vnd_per_kwh": 523.34,
  "kpp_factor": 1.027263,
  "evn_matched_payment_vnd": 10297139.34,
  "dppa_charge_vnd": 3581278420.8,
  "shortfall_payment_vnd": 337957972260.78,
  "cfd_payment_vnd": 12373377490.96,
  "total_buyer_payment_vnd": 353922925311.88,
  "blended_cost_vnd_per_kwh": 1920.756292,
  "buyer_savings_vs_evn_vnd": -2929793735.48,
  "evn_total_cost_vnd": 350993131576.39,
  "pv_size_kw": 4800.0,
  "bess_power_kw": 1500.0
}